lags,alpha
1,-0.4477562635816579
2,0.7852164267410875
3,-0.2143740598614312
4,-0.48722836058144825
5,0.2373125281121935
